3.410000000000000000e+02,1.044666748046875000e+02,3.063538968563079834e-01,2.593176364898681641e-01,3.492486104369163513e-02,4.196078479290008545e-01,1.960784383118152618e-02,2.139999961853027344e+01,4.056980590820312500e+02
3.270000000000000000e+02,1.016627426147460938e+02,3.108952343463897705e-01,2.641647160053253174e-01,3.655395284295082092e-02,4.274509847164154053e-01,1.568627543747425079e-02,2.724999809265136719e+01,5.426039428710937500e+02
3.360000000000000000e+02,1.047921600341796875e+02,3.118814229965209961e-01,2.665882408618927002e-01,3.673384711146354675e-02,4.313725531101226807e-01,1.568627543747425079e-02,2.749999809265136719e+01,7.754548950195312500e+02
3.290000000000000000e+02,1.030901947021484375e+02,3.133440613746643066e-01,2.641647160053253174e-01,3.613948449492454529e-02,4.274509847164154053e-01,1.568627543747425079e-02,2.724999809265136719e+01,7.553176879882812500e+02
3.160000000000000000e+02,1.000666656494140625e+02,3.166666626930236816e-01,2.690117657184600830e-01,3.709666058421134949e-02,4.352941215038299561e-01,1.568627543747425079e-02,2.774999809265136719e+01,7.596510620117187500e+02
3.030000000000000000e+02,9.752157592773437500e+01,3.218533992767333984e-01,2.714352905750274658e-01,3.793575242161750793e-02,4.392156898975372314e-01,1.568627543747425079e-02,2.799999809265136719e+01,7.739176635742187500e+02
3.110000000000000000e+02,1.004549026489257812e+02,3.230061233043670654e-01,2.738588154315948486e-01,3.998749330639839172e-02,4.431372582912445068e-01,1.568627543747425079e-02,2.824999809265136719e+01,7.411725463867187500e+02
2.860000000000000000e+02,9.377646636962890625e+01,3.278897404670715332e-01,2.811294198036193848e-01,3.960177302360534668e-02,4.549019634723663330e-01,1.568627543747425079e-02,2.899999809265136719e+01,7.496431274414062500e+02
2.850000000000000000e+02,9.419607543945312500e+01,3.305125534534454346e-01,2.811294198036193848e-01,4.100463166832923889e-02,4.549019634723663330e-01,1.568627543747425079e-02,2.899999809265136719e+01,5.265529174804687500e+02
2.690000000000000000e+02,9.030195617675781250e+01,3.356949985027313232e-01,2.835529446601867676e-01,4.103682562708854675e-02,4.588235318660736084e-01,1.568627543747425079e-02,2.924999809265136719e+01,7.478666992187500000e+02
2.590000000000000000e+02,8.834509277343750000e+01,3.411007523536682129e-01,2.883999943733215332e-01,4.147256910800933838e-02,4.666666686534881592e-01,1.568627543747425079e-02,2.974999809265136719e+01,7.486902465820312500e+02
2.520000000000000000e+02,8.702352905273437500e+01,3.453314602375030518e-01,2.932470738887786865e-01,4.308778420090675354e-02,4.745098054409027100e-01,1.568627543747425079e-02,3.024999809265136719e+01,7.539176025390625000e+02
2.280000000000000000e+02,8.051372528076171875e+01,3.531303703784942627e-01,2.980941236019134521e-01,4.326720535755157471e-02,4.823529422283172607e-01,1.568627543747425079e-02,3.074999809265136719e+01,7.604784545898437500e+02
2.410000000000000000e+02,8.472941589355468750e+01,3.515743315219879150e-01,3.005176484584808350e-01,4.406348615884780884e-02,4.862745106220245361e-01,1.568627543747425079e-02,3.099999809265136719e+01,5.272431030273437500e+02
2.360000000000000000e+02,8.400000000000000000e+01,3.559322059154510498e-01,3.029411733150482178e-01,4.489072412252426147e-02,4.901960790157318115e-01,1.568627543747425079e-02,3.124999809265136719e+01,7.517764892578125000e+02
2.370000000000000000e+02,8.474508666992187500e+01,3.575741946697235107e-01,3.005176484584808350e-01,4.493222758173942566e-02,4.862745106220245361e-01,1.568627543747425079e-02,3.099999809265136719e+01,5.261451416015625000e+02
2.310000000000000000e+02,8.392155456542968750e+01,3.632967770099639893e-01,3.077882230281829834e-01,4.593135416507720947e-02,4.980392158031463623e-01,1.568627543747425079e-02,3.174999809265136719e+01,7.602980346679687500e+02
2.310000000000000000e+02,8.474116516113281250e+01,3.668448626995086670e-01,3.077882230281829834e-01,4.756487905979156494e-02,4.980392158031463623e-01,1.568627543747425079e-02,3.174999809265136719e+01,7.660040283203125000e+02
2.350000000000000000e+02,8.666274261474609375e+01,3.687776327133178711e-01,3.126353025436401367e-01,4.938265308737754822e-02,5.058823823928833008e-01,1.568627543747425079e-02,3.225000000000000000e+01,7.539097290039062500e+02
2.230000000000000000e+02,8.316469573974609375e+01,3.729358613491058350e-01,3.174823820590972900e-01,4.998095333576202393e-02,5.137255191802978516e-01,1.568627543747425079e-02,3.275000000000000000e+01,5.335803833007812500e+02
2.240000000000000000e+02,8.471372985839843750e+01,3.781862854957580566e-01,3.199059069156646729e-01,5.142096057534217834e-02,5.176470875740051270e-01,1.568627543747425079e-02,3.300000000000000000e+01,7.390784912109375000e+02
2.220000000000000000e+02,8.465489196777343750e+01,3.813283443450927734e-01,3.199059069156646729e-01,5.101730301976203918e-02,5.176470875740051270e-01,1.568627543747425079e-02,3.300000000000000000e+01,7.639686889648437500e+02
1.950000000000000000e+02,7.612156677246093750e+01,3.903670012950897217e-01,3.320235610008239746e-01,5.178723484277725220e-02,5.372549295425415039e-01,1.568627543747425079e-02,3.425000000000000000e+01,5.578234863281250000e+02
1.620000000000000000e+02,6.623921203613281250e+01,4.088840186595916748e-01,3.417176604270935059e-01,5.480815842747688293e-02,5.529412031173706055e-01,1.568627543747425079e-02,3.525000000000000000e+01,5.499098510742187500e+02
1.800000000000000000e+02,7.236863708496093750e+01,4.020479917526245117e-01,3.392941355705261230e-01,5.545235797762870789e-02,5.490196347236633301e-01,1.568627543747425079e-02,3.500000000000000000e+01,7.683686523437500000e+02
1.850000000000000000e+02,7.513333892822265625e+01,4.061261415481567383e-01,3.392941355705261230e-01,5.621382221579551697e-02,5.490196347236633301e-01,1.568627543747425079e-02,3.500000000000000000e+01,7.655020141601562500e+02
1.860000000000000000e+02,7.628235626220703125e+01,4.101201891899108887e-01,3.441411852836608887e-01,5.751966685056686401e-02,5.568627715110778809e-01,1.568627543747425079e-02,3.550000000000000000e+01,7.751136474609375000e+02
1.810000000000000000e+02,7.497647094726562500e+01,4.142346382141113281e-01,3.489882647991180420e-01,5.810941383242607117e-02,5.647059082984924316e-01,1.568627543747425079e-02,3.600000000000000000e+01,7.576431274414062500e+02
1.730000000000000000e+02,7.282353210449218750e+01,4.209452867507934570e-01,3.538353145122528076e-01,5.931405350565910339e-02,5.725490450859069824e-01,1.568627543747425079e-02,3.650000000000000000e+01,7.448000488281250000e+02
1.720000000000000000e+02,7.309019470214843750e+01,4.249430000782012939e-01,3.538353145122528076e-01,6.042778119444847107e-02,5.725490450859069824e-01,1.568627543747425079e-02,3.650000000000000000e+01,7.669882812500000000e+02
1.780000000000000000e+02,7.572549438476562500e+01,4.254241287708282471e-01,3.562588393688201904e-01,6.156809255480766296e-02,5.764706134796142578e-01,1.568627543747425079e-02,3.675000000000000000e+01,5.454705810546875000e+02
1.600000000000000000e+02,7.000000000000000000e+01,4.375000000000000000e-01,3.611058890819549561e-01,6.197240203619003296e-02,5.843137502670288086e-01,1.568627543747425079e-02,3.725000000000000000e+01,7.530353393554687500e+02
1.400000000000000000e+02,6.306275177001953125e+01,4.504482150077819824e-01,3.732235431671142578e-01,6.088491529226303101e-02,6.039215922355651855e-01,1.568627543747425079e-02,3.850000000000000000e+01,5.569333496093750000e+02
1.530000000000000000e+02,6.862745666503906250e+01,4.485454559326171875e-01,3.708000183105468750e-01,6.321751326322555542e-02,6.000000238418579102e-01,1.568627543747425079e-02,3.825000000000000000e+01,7.748236083984375000e+02
1.560000000000000000e+02,7.006275177001953125e+01,4.491201937198638916e-01,3.708000183105468750e-01,6.409195810556411743e-02,6.000000238418579102e-01,1.568627543747425079e-02,3.825000000000000000e+01,5.512627563476562500e+02
1.560000000000000000e+02,7.060784912109375000e+01,4.526144266128540039e-01,3.732235431671142578e-01,6.371788680553436279e-02,6.039215922355651855e-01,1.568627543747425079e-02,3.850000000000000000e+01,5.523058471679687500e+02
1.500000000000000000e+02,6.938040161132812500e+01,4.625360071659088135e-01,3.804941177368164062e-01,6.407382339239120483e-02,6.156862974166870117e-01,1.568627543747425079e-02,3.925000000000000000e+01,7.656706542968750000e+02
1.570000000000000000e+02,7.240785217285156250e+01,4.611965119838714600e-01,3.780705928802490234e-01,6.554386019706726074e-02,6.117647290229797363e-01,1.568627543747425079e-02,3.900000000000000000e+01,5.634431762695312500e+02
1.490000000000000000e+02,6.995687103271484375e+01,4.695092141628265381e-01,3.853411972522735596e-01,6.588076055049896240e-02,6.235294342041015625e-01,1.568627543747425079e-02,3.975000000000000000e+01,7.851569824218750000e+02
1.550000000000000000e+02,7.256471252441406250e+01,4.681594371795654297e-01,3.829176723957061768e-01,6.473486125469207764e-02,6.196078658103942871e-01,1.568627543747425079e-02,3.950000000000000000e+01,7.868432006835937500e+02
1.480000000000000000e+02,7.055294799804687500e+01,4.767090976238250732e-01,3.950352966785430908e-01,6.482097506523132324e-02,6.392157077789306641e-01,1.568627543747425079e-02,4.075000000000000000e+01,7.590039672851562500e+02
1.500000000000000000e+02,7.154902648925781250e+01,4.769935011863708496e-01,3.950352966785430908e-01,6.517896801233291626e-02,6.392157077789306641e-01,1.568627543747425079e-02,4.075000000000000000e+01,7.694078979492187500e+02
1.490000000000000000e+02,7.223921966552734375e+01,4.848269820213317871e-01,3.974588513374328613e-01,6.614731997251510620e-02,6.431372761726379395e-01,1.568627543747425079e-02,4.100000000000000000e+01,7.934118652343750000e+02
1.480000000000000000e+02,7.195294189453125000e+01,4.861685335636138916e-01,4.023059010505676270e-01,6.526146084070205688e-02,6.509804129600524902e-01,1.568627543747425079e-02,4.150000000000000000e+01,5.733215332031250000e+02
1.630000000000000000e+02,7.854510498046875000e+01,4.818718135356903076e-01,3.998823761940002441e-01,6.770064681768417358e-02,6.470588445663452148e-01,1.568627543747425079e-02,4.125000000000000000e+01,7.774863281250000000e+02
1.650000000000000000e+02,7.974510192871093750e+01,4.833036363124847412e-01,4.023059010505676270e-01,6.708429753780364990e-02,6.509804129600524902e-01,1.568627543747425079e-02,4.150000000000000000e+01,5.729961547851562500e+02
1.670000000000000000e+02,8.147059631347656250e+01,4.878478944301605225e-01,4.023059010505676270e-01,6.664534658193588257e-02,6.509804129600524902e-01,1.568627543747425079e-02,4.150000000000000000e+01,7.713804321289062500e+02
1.690000000000000000e+02,8.320000457763671875e+01,4.923077225685119629e-01,4.047294259071350098e-01,6.571740657091140747e-02,6.549019813537597656e-01,1.568627543747425079e-02,4.175000000000000000e+01,7.672705688476562500e+02
1.610000000000000000e+02,8.031372833251953125e+01,4.988430440425872803e-01,4.144235551357269287e-01,6.446629017591476440e-02,6.705882549285888672e-01,1.568627543747425079e-02,4.275000000000000000e+01,7.767451171875000000e+02
1.630000000000000000e+02,8.159216308593750000e+01,5.005654096603393555e-01,4.144235551357269287e-01,6.511767208576202393e-02,6.705882549285888672e-01,1.568627543747425079e-02,4.275000000000000000e+01,7.769098510742187500e+02
1.640000000000000000e+02,8.281568908691406250e+01,5.049737095832824707e-01,4.144235551357269287e-01,6.332171708345413208e-02,6.705882549285888672e-01,1.568627543747425079e-02,4.275000000000000000e+01,7.870823364257812500e+02
1.610000000000000000e+02,8.176470947265625000e+01,5.078553557395935059e-01,4.168470799922943115e-01,6.209184974431991577e-02,6.745098233222961426e-01,1.568627543747425079e-02,4.300000000000000000e+01,5.860588378906250000e+02
1.650000000000000000e+02,8.400785064697265625e+01,5.091384649276733398e-01,4.144235551357269287e-01,6.357389688491821289e-02,6.705882549285888672e-01,1.568627543747425079e-02,4.275000000000000000e+01,7.754745483398437500e+02
1.620000000000000000e+02,8.332941436767578125e+01,5.143790841102600098e-01,4.144235551357269287e-01,6.277120113372802734e-02,6.705882549285888672e-01,1.568627543747425079e-02,4.275000000000000000e+01,7.900039062500000000e+02
1.630000000000000000e+02,8.389019775390625000e+01,5.146638154983520508e-01,4.144235551357269287e-01,6.206451728940010071e-02,6.705882549285888672e-01,1.568627543747425079e-02,4.275000000000000000e+01,7.862431640625000000e+02
1.580000000000000000e+02,8.252549743652343750e+01,5.223132967948913574e-01,4.168470799922943115e-01,6.097841635346412659e-02,6.745098233222961426e-01,1.568627543747425079e-02,4.300000000000000000e+01,7.814196166992187500e+02
1.580000000000000000e+02,8.264706420898437500e+01,5.230826735496520996e-01,4.168470799922943115e-01,6.253179162740707397e-02,6.745098233222961426e-01,1.568627543747425079e-02,4.300000000000000000e+01,7.763216552734375000e+02
1.530000000000000000e+02,8.118039703369140625e+01,5.305908322334289551e-01,4.216941297054290771e-01,6.400925666093826294e-02,6.823529601097106934e-01,1.568627543747425079e-02,4.350000000000000000e+01,7.839489746093750000e+02
1.610000000000000000e+02,8.454118347167968750e+01,5.251005291938781738e-01,4.192706048488616943e-01,6.612243503332138062e-02,6.784313917160034180e-01,1.568627543747425079e-02,4.325000000000000000e+01,7.952196655273437500e+02
1.590000000000000000e+02,8.393725585937500000e+01,5.279072523117065430e-01,4.168470799922943115e-01,6.846366822719573975e-02,6.745098233222961426e-01,1.568627543747425079e-02,4.300000000000000000e+01,7.954391479492187500e+02
1.520000000000000000e+02,8.130196380615234375e+01,5.348813533782958984e-01,4.265411794185638428e-01,6.821957975625991821e-02,6.901960968971252441e-01,1.568627543747425079e-02,4.400000000000000000e+01,7.786000366210937500e+02
1.550000000000000000e+02,8.291372680664062500e+01,5.349272489547729492e-01,4.216941297054290771e-01,7.123841345310211182e-02,6.823529601097106934e-01,1.568627543747425079e-02,4.350000000000000000e+01,7.986862792968750000e+02
1.500000000000000000e+02,8.073725891113281250e+01,5.382484197616577148e-01,4.241176545619964600e-01,7.096225023269653320e-02,6.862745285034179688e-01,1.960784383118152618e-02,3.500000000000000000e+01,4.707255249023437500e+02
1.480000000000000000e+02,7.987843322753906250e+01,5.397191643714904785e-01,4.216941297054290771e-01,7.330672442913055420e-02,6.823529601097106934e-01,1.568627543747425079e-02,4.350000000000000000e+01,7.824785156250000000e+02
1.460000000000000000e+02,7.909019470214843750e+01,5.417136549949645996e-01,4.241176545619964600e-01,7.444564253091812134e-02,6.862745285034179688e-01,1.960784383118152618e-02,3.500000000000000000e+01,4.730902099609375000e+02
1.400000000000000000e+02,7.683137512207031250e+01,5.487955212593078613e-01,4.289647042751312256e-01,7.669761031866073608e-02,6.941176652908325195e-01,1.960784383118152618e-02,3.540000152587890625e+01,4.748352966308593750e+02
1.290000000000000000e+02,7.196078491210937500e+01,5.578355193138122559e-01,4.313882589340209961e-01,7.395016402006149292e-02,6.980392336845397949e-01,1.568627543747425079e-02,4.450000000000000000e+01,7.800157470703125000e+02
1.280000000000000000e+02,7.153725433349609375e+01,5.588847994804382324e-01,4.313882589340209961e-01,7.765390723943710327e-02,6.980392336845397949e-01,1.568627543747425079e-02,4.450000000000000000e+01,6.103450927734375000e+02
1.290000000000000000e+02,7.165098571777343750e+01,5.554339885711669922e-01,4.338117837905883789e-01,8.105498552322387695e-02,7.019608020782470703e-01,1.568627543747425079e-02,4.475000000000000000e+01,6.177019653320312500e+02
1.220000000000000000e+02,6.877255249023437500e+01,5.637094378471374512e-01,4.386588335037231445e-01,7.994610071182250977e-02,7.098039388656616211e-01,1.960784383118152618e-02,3.620000076293945312e+01,4.783059082031250000e+02
1.240000000000000000e+02,6.942745971679687500e+01,5.598988533020019531e-01,4.386588335037231445e-01,8.385255932807922363e-02,7.098039388656616211e-01,1.960784383118152618e-02,3.620000076293945312e+01,4.800509948730468750e+02
1.200000000000000000e+02,6.764314270019531250e+01,5.636928677558898926e-01,4.386588335037231445e-01,8.310656994581222534e-02,7.098039388656616211e-01,1.568627543747425079e-02,4.525000000000000000e+01,6.140353393554687500e+02
1.130000000000000000e+02,6.473332977294921875e+01,5.728613138198852539e-01,4.435058832168579102e-01,8.436378091573715210e-02,7.176470756530761719e-01,1.960784383118152618e-02,3.659999847412109375e+01,4.843019714355468750e+02
1.060000000000000000e+02,6.154509735107421875e+01,5.806141495704650879e-01,4.483529627323150635e-01,8.536640554666519165e-02,7.254902124404907227e-01,1.960784383118152618e-02,3.700000000000000000e+01,4.818157043457031250e+02
1.060000000000000000e+02,6.132157135009765625e+01,5.785053968429565430e-01,4.483529627323150635e-01,8.546561002731323242e-02,7.254902124404907227e-01,1.960784383118152618e-02,3.700000000000000000e+01,4.850039062500000000e+02
1.040000000000000000e+02,6.005097961425781250e+01,5.774132609367370605e-01,4.507764875888824463e-01,8.574066311120986938e-02,7.294117808341979980e-01,1.568627543747425079e-02,4.650000000000000000e+01,6.290470581054687500e+02
9.800000000000000000e+01,5.748235702514648438e+01,5.865546464920043945e-01,4.604705870151519775e-01,8.740394562482833862e-02,7.450980544090270996e-01,1.960784383118152618e-02,3.800000000000000000e+01,4.900314025878906250e+02
9.200000000000000000e+01,5.488235855102539062e+01,5.965473651885986328e-01,4.628941416740417480e-01,8.715899288654327393e-02,7.490196228027343750e-01,1.960784383118152618e-02,3.820000076293945312e+01,4.899372558593750000e+02
9.100000000000000000e+01,5.394117736816406250e+01,5.927602052688598633e-01,4.604705870151519775e-01,8.796779811382293701e-02,7.450980544090270996e-01,1.568627543747425079e-02,4.750000000000000000e+01,6.376588745117187500e+02
8.300000000000000000e+01,5.013333892822265625e+01,6.040161252021789551e-01,4.628941416740417480e-01,8.486047387123107910e-02,7.490196228027343750e-01,1.960784383118152618e-02,3.820000076293945312e+01,4.933372802734375000e+02
8.900000000000000000e+01,5.309020233154296875e+01,5.965191125869750977e-01,4.677411913871765137e-01,9.252421557903289795e-02,7.568627595901489258e-01,1.960784383118152618e-02,3.859999847412109375e+01,4.938823852539062500e+02
7.700000000000000000e+01,4.729803848266601562e+01,6.142602562904357910e-01,4.725882411003112793e-01,8.786393702030181885e-02,7.647058963775634766e-01,1.568627543747425079e-02,4.874999618530273438e+01,6.422705688476562500e+02
7.600000000000000000e+01,4.678039169311523438e+01,6.155314445495605469e-01,4.725882411003112793e-01,8.778221905231475830e-02,7.647058963775634766e-01,1.960784383118152618e-02,3.900000000000000000e+01,4.982157287597656250e+02
7.800000000000000000e+01,4.763921356201171875e+01,6.107591390609741211e-01,4.750117659568786621e-01,9.128776192665100098e-02,7.686274647712707520e-01,1.960784383118152618e-02,3.920000076293945312e+01,4.968274841308593750e+02
7.600000000000000000e+01,4.665097808837890625e+01,6.138286590576171875e-01,4.677411913871765137e-01,8.941301703453063965e-02,7.568627595901489258e-01,1.960784383118152618e-02,3.859999847412109375e+01,5.014745178222656250e+02
7.600000000000000000e+01,4.641568756103515625e+01,6.107327342033386230e-01,4.701647162437438965e-01,9.133390337228775024e-02,7.607843279838562012e-01,1.960784383118152618e-02,3.879999923706054688e+01,5.003725891113281250e+02
7.100000000000000000e+01,4.423136901855468750e+01,6.229770183563232422e-01,4.725882411003112793e-01,8.750420808792114258e-02,7.647058963775634766e-01,1.960784383118152618e-02,3.900000000000000000e+01,4.998157043457031250e+02
6.600000000000000000e+01,4.157646942138671875e+01,6.299465298652648926e-01,4.774352908134460449e-01,8.731248974800109863e-02,7.725490331649780273e-01,1.960784383118152618e-02,3.939999771118164062e+01,5.077059020996093750e+02
6.900000000000000000e+01,4.292549133300781250e+01,6.221085786819458008e-01,4.750117659568786621e-01,8.977618813514709473e-02,7.686274647712707520e-01,1.960784383118152618e-02,3.920000076293945312e+01,5.043921813964843750e+02
7.000000000000000000e+01,4.334509277343750000e+01,6.192156076431274414e-01,4.653176665306091309e-01,8.946765214204788208e-02,7.529411911964416504e-01,1.568627543747425079e-02,4.800000000000000000e+01,6.618353271484375000e+02
7.100000000000000000e+01,4.343529129028320312e+01,6.117646694183349609e-01,4.701647162437438965e-01,9.209838509559631348e-02,7.607843279838562012e-01,1.960784383118152618e-02,3.879999923706054688e+01,5.029921569824218750e+02
7.000000000000000000e+01,4.294117736816406250e+01,6.134454011917114258e-01,4.701647162437438965e-01,9.216835349798202515e-02,7.607843279838562012e-01,1.960784383118152618e-02,3.879999923706054688e+01,5.086745300292968750e+02
6.800000000000000000e+01,4.189019775390625000e+01,6.160323023796081543e-01,4.774352908134460449e-01,9.215988963842391968e-02,7.725490331649780273e-01,1.960784383118152618e-02,3.939999771118164062e+01,5.091451416015625000e+02
6.500000000000000000e+01,4.030588150024414062e+01,6.200904846191406250e-01,4.701647162437438965e-01,9.001754969358444214e-02,7.607843279838562012e-01,1.960784383118152618e-02,3.879999923706054688e+01,5.180862426757812500e+02
6.600000000000000000e+01,4.059999847412109375e+01,6.151514649391174316e-01,4.701647162437438965e-01,9.228228032588958740e-02,7.607843279838562012e-01,1.960784383118152618e-02,3.879999923706054688e+01,5.124235839843750000e+02
6.800000000000000000e+01,4.129019927978515625e+01,6.072087883949279785e-01,4.677411913871765137e-01,9.207857400178909302e-02,7.568627595901489258e-01,1.568627543747425079e-02,4.824999618530273438e+01,6.859254760742187500e+02
6.400000000000000000e+01,3.923137283325195312e+01,6.129902005195617676e-01,4.653176665306091309e-01,8.750205487012863159e-02,7.529411911964416504e-01,1.960784383118152618e-02,3.839999771118164062e+01,5.157215576171875000e+02
6.200000000000000000e+01,3.799608230590820312e+01,6.128400564193725586e-01,4.604705870151519775e-01,8.345448970794677734e-02,7.450980544090270996e-01,1.960784383118152618e-02,3.800000000000000000e+01,5.141098632812500000e+02
6.300000000000000000e+01,3.831372451782226562e+01,6.081543564796447754e-01,4.653176665306091309e-01,8.825306594371795654e-02,7.529411911964416504e-01,1.960784383118152618e-02,3.839999771118164062e+01,5.169961547851562500e+02
6.100000000000000000e+01,3.707058715820312500e+01,6.077145338058471680e-01,4.604705870151519775e-01,8.604618161916732788e-02,7.450980544090270996e-01,1.960784383118152618e-02,3.800000000000000000e+01,5.127373046875000000e+02
6.200000000000000000e+01,3.742353057861328125e+01,6.036053299903869629e-01,4.604705870151519775e-01,8.537655323743820190e-02,7.450980544090270996e-01,1.960784383118152618e-02,3.800000000000000000e+01,5.195294189453125000e+02
6.300000000000000000e+01,3.770980072021484375e+01,5.985682606697082520e-01,4.580470621585845947e-01,8.675221353769302368e-02,7.411764860153198242e-01,1.960784383118152618e-02,3.779999923706054688e+01,5.194353027343750000e+02
6.300000000000000000e+01,3.726666259765625000e+01,5.915343165397644043e-01,4.507764875888824463e-01,8.637689799070358276e-02,7.294117808341979980e-01,1.568627543747425079e-02,4.650000000000000000e+01,7.036314086914062500e+02
6.000000000000000000e+01,3.571372985839843750e+01,5.952288508415222168e-01,4.507764875888824463e-01,8.526771515607833862e-02,7.294117808341979980e-01,1.960784383118152618e-02,3.720000076293945312e+01,5.211608276367187500e+02
6.100000000000000000e+01,3.609411621093750000e+01,5.917068123817443848e-01,4.507764875888824463e-01,8.388346433639526367e-02,7.294117808341979980e-01,1.960784383118152618e-02,3.720000076293945312e+01,5.267490844726562500e+02
6.000000000000000000e+01,3.519608306884765625e+01,5.866013765335083008e-01,4.435058832168579102e-01,8.280700445175170898e-02,7.176470756530761719e-01,1.960784383118152618e-02,3.659999847412109375e+01,5.242509765625000000e+02
6.300000000000000000e+01,3.616078567504882812e+01,5.739807486534118652e-01,4.362353086471557617e-01,8.440466225147247314e-02,7.058823704719543457e-01,1.960784383118152618e-02,3.600000000000000000e+01,5.290195922851562500e+02
6.300000000000000000e+01,3.565098190307617188e+01,5.658885836601257324e-01,4.362353086471557617e-01,8.341653645038604736e-02,7.058823704719543457e-01,1.960784383118152618e-02,3.600000000000000000e+01,5.244863281250000000e+02
6.100000000000000000e+01,3.458823394775390625e+01,5.670202374458312988e-01,4.338117837905883789e-01,8.156201243400573730e-02,7.019608020782470703e-01,1.960784383118152618e-02,3.579999923706054688e+01,5.288274536132812500e+02
5.700000000000000000e+01,3.258431243896484375e+01,5.716546177864074707e-01,4.313882589340209961e-01,7.779243588447570801e-02,6.980392336845397949e-01,1.960784383118152618e-02,3.559999847412109375e+01,5.309960937500000000e+02
6.100000000000000000e+01,3.408235549926757812e+01,5.587271451950073242e-01,4.289647042751312256e-01,7.915005832910537720e-02,6.941176652908325195e-01,1.960784383118152618e-02,3.540000152587890625e+01,5.315020141601562500e+02
6.000000000000000000e+01,3.317255020141601562e+01,5.528758168220520020e-01,4.241176545619964600e-01,7.868095487356185913e-02,6.862745285034179688e-01,1.568627543747425079e-02,4.375000000000000000e+01,7.046392822265625000e+02
6.100000000000000000e+01,3.342745208740234375e+01,5.479910373687744141e-01,4.192706048488616943e-01,7.897242903709411621e-02,6.784313917160034180e-01,1.960784383118152618e-02,3.459999847412109375e+01,5.349765014648437500e+02
6.000000000000000000e+01,3.270980834960937500e+01,5.451634526252746582e-01,4.168470799922943115e-01,7.708482444286346436e-02,6.745098233222961426e-01,1.568627543747425079e-02,4.300000000000000000e+01,7.134705810546875000e+02
5.900000000000000000e+01,3.179215621948242188e+01,5.388501286506652832e-01,4.071529507637023926e-01,7.468667626380920410e-02,6.588235497474670410e-01,1.960784383118152618e-02,3.359999847412109375e+01,5.367294311523437500e+02
5.700000000000000000e+01,3.082353019714355469e+01,5.407636761665344238e-01,4.095764756202697754e-01,7.223431766033172607e-02,6.627451181411743164e-01,1.960784383118152618e-02,3.379999923706054688e+01,5.367412109375000000e+02
5.900000000000000000e+01,3.150196075439453125e+01,5.339315533638000488e-01,4.071529507637023926e-01,7.589042931795120239e-02,6.588235497474670410e-01,1.960784383118152618e-02,3.359999847412109375e+01,5.386745605468750000e+02
6.000000000000000000e+01,3.150195884704589844e+01,5.250326395034790039e-01,3.998823761940002441e-01,7.459264248609542847e-02,6.470588445663452148e-01,1.960784383118152618e-02,3.300000000000000000e+01,5.326823730468750000e+02
5.500000000000000000e+01,2.914117813110351562e+01,5.298395752906799316e-01,4.047294259071350098e-01,6.938436627388000488e-02,6.549019813537597656e-01,1.960784383118152618e-02,3.340000152587890625e+01,5.394823608398437500e+02
5.700000000000000000e+01,2.958823776245117188e+01,5.190919041633605957e-01,3.853411972522735596e-01,6.930622458457946777e-02,6.235294342041015625e-01,1.960784383118152618e-02,3.179999923706054688e+01,5.418274536132812500e+02
6.500000000000000000e+01,3.224706268310546875e+01,4.961086511611938477e-01,3.829176723957061768e-01,7.724633067846298218e-02,6.196078658103942871e-01,1.568627543747425079e-02,3.950000000000000000e+01,7.296352539062500000e+02
5.700000000000000000e+01,2.907843208312988281e+01,5.101479291915893555e-01,3.853411972522735596e-01,6.794454157352447510e-02,6.235294342041015625e-01,1.960784383118152618e-02,3.179999923706054688e+01,5.421686401367187500e+02
5.800000000000000000e+01,2.900784301757812500e+01,5.001352429389953613e-01,3.780705928802490234e-01,6.905485689640045166e-02,6.117647290229797363e-01,1.960784383118152618e-02,3.120000076293945312e+01,5.424666748046875000e+02
5.700000000000000000e+01,2.842352867126464844e+01,4.986583888530731201e-01,3.732235431671142578e-01,6.785517185926437378e-02,6.039215922355651855e-01,1.960784383118152618e-02,3.079999923706054688e+01,5.420431518554687500e+02
6.000000000000000000e+01,2.919607734680175781e+01,4.866012930870056152e-01,3.659529685974121094e-01,6.831973791122436523e-02,5.921568870544433594e-01,1.960784383118152618e-02,3.020000076293945312e+01,5.450235595703125000e+02
6.300000000000000000e+01,2.996078300476074219e+01,4.755679965019226074e-01,3.635294139385223389e-01,7.083061337471008301e-02,5.882353186607360840e-01,1.960784383118152618e-02,3.000000000000000000e+01,5.486196289062500000e+02
6.300000000000000000e+01,2.963137054443359375e+01,4.703392088413238525e-01,3.611058890819549561e-01,6.953207403421401978e-02,5.843137502670288086e-01,1.960784383118152618e-02,2.980000114440917969e+01,5.418392333984375000e+02
5.800000000000000000e+01,2.732941055297851562e+01,4.711967408657073975e-01,3.562588393688201904e-01,6.506367027759552002e-02,5.764706134796142578e-01,1.960784383118152618e-02,2.939999961853027344e+01,5.483529052734375000e+02
6.200000000000000000e+01,2.867843055725097656e+01,4.625553190708160400e-01,3.562588393688201904e-01,6.695414334535598755e-02,5.764706134796142578e-01,1.960784383118152618e-02,2.939999961853027344e+01,5.487764282226562500e+02
6.200000000000000000e+01,2.819607925415039062e+01,4.547754824161529541e-01,3.465647101402282715e-01,6.541204452514648438e-02,5.607843399047851562e-01,1.960784383118152618e-02,2.860000038146972656e+01,5.524509887695312500e+02
6.400000000000000000e+01,2.873725700378417969e+01,4.490196406841278076e-01,3.514117896556854248e-01,6.634148955345153809e-02,5.686274766921997070e-01,1.960784383118152618e-02,2.900000000000000000e+01,5.461921997070312500e+02
6.400000000000000000e+01,2.850588226318359375e+01,4.454044103622436523e-01,3.392941355705261230e-01,6.700033694505691528e-02,5.490196347236633301e-01,1.960784383118152618e-02,2.800000000000000000e+01,5.510902099609375000e+02
5.900000000000000000e+01,2.635686302185058594e+01,4.467265009880065918e-01,3.392941355705261230e-01,6.165676936507225037e-02,5.490196347236633301e-01,1.960784383118152618e-02,2.800000000000000000e+01,5.513411865234375000e+02
6.000000000000000000e+01,2.640392303466796875e+01,4.400653839111328125e-01,3.368706107139587402e-01,6.009131669998168945e-02,5.450980663299560547e-01,1.960784383118152618e-02,2.780000114440917969e+01,5.443725585937500000e+02
6.400000000000000000e+01,2.747451019287109375e+01,4.292892217636108398e-01,3.296000063419342041e-01,6.251478195190429688e-02,5.333333611488342285e-01,1.960784383118152618e-02,2.720000076293945312e+01,5.503646850585937500e+02
6.700000000000000000e+01,2.807059097290039062e+01,4.189640581607818604e-01,3.247529566287994385e-01,6.656019389629364014e-02,5.254902243614196777e-01,1.960784383118152618e-02,2.680000114440917969e+01,4.924157104492187500e+02
6.400000000000000000e+01,2.667058944702148438e+01,4.167279601097106934e-01,3.199059069156646729e-01,6.106530129909515381e-02,5.176470875740051270e-01,1.960784383118152618e-02,2.639999961853027344e+01,5.533647460937500000e+02
6.000000000000000000e+01,2.514117813110351562e+01,4.190196394920349121e-01,3.223294317722320557e-01,5.705320835113525391e-02,5.215686559677124023e-01,1.960784383118152618e-02,2.660000038146972656e+01,5.548745117187500000e+02
6.800000000000000000e+01,2.759215927124023438e+01,4.057670533657073975e-01,3.126353025436401367e-01,6.113664433360099792e-02,5.058823823928833008e-01,1.960784383118152618e-02,2.580000114440917969e+01,5.607490844726562500e+02
7.000000000000000000e+01,2.774902343750000000e+01,3.964146077632904053e-01,3.077882230281829834e-01,6.050170958042144775e-02,4.980392158031463623e-01,1.960784383118152618e-02,2.539999961853027344e+01,5.537254638671875000e+02
7.200000000000000000e+01,2.794509887695312500e+01,3.881263732910156250e-01,3.005176484584808350e-01,5.952368676662445068e-02,4.862745106220245361e-01,1.960784383118152618e-02,2.479999923706054688e+01,5.576784057617187500e+02
6.600000000000000000e+01,2.579215812683105469e+01,3.907902836799621582e-01,2.980941236019134521e-01,5.634506046772003174e-02,4.823529422283172607e-01,1.960784383118152618e-02,2.459999847412109375e+01,5.012901916503906250e+02
7.200000000000000000e+01,2.739607810974121094e+01,3.805010914802551270e-01,2.932470738887786865e-01,5.946624651551246643e-02,4.745098054409027100e-01,1.960784383118152618e-02,2.419999885559082031e+01,5.622509155273437500e+02
6.900000000000000000e+01,2.613333320617675781e+01,3.787439465522766113e-01,2.908235192298889160e-01,5.589730292558670044e-02,4.705882370471954346e-01,1.960784383118152618e-02,2.400000000000000000e+01,5.635882568359375000e+02
7.400000000000000000e+01,2.720392036437988281e+01,3.676205575466156006e-01,2.859764695167541504e-01,5.759559199213981628e-02,4.627451002597808838e-01,1.960784383118152618e-02,2.359999847412109375e+01,5.651882324218750000e+02
7.300000000000000000e+01,2.648627471923828125e+01,3.628256916999816895e-01,2.811294198036193848e-01,5.484094843268394470e-02,4.549019634723663330e-01,1.960784383118152618e-02,2.319999885559082031e+01,4.996195678710937500e+02
7.300000000000000000e+01,2.610980606079101562e+01,3.576685786247253418e-01,2.738588154315948486e-01,5.408610031008720398e-02,4.431372582912445068e-01,1.960784383118152618e-02,2.259999847412109375e+01,5.683137207031250000e+02
7.000000000000000000e+01,2.483921623229980469e+01,3.548459410667419434e-01,2.762823402881622314e-01,5.075036361813545227e-02,4.470588266849517822e-01,1.960784383118152618e-02,2.279999923706054688e+01,5.655764770507812500e+02
7.500000000000000000e+01,2.600391960144042969e+01,3.467189371585845947e-01,2.690117657184600830e-01,5.298654362559318542e-02,4.352941215038299561e-01,1.960784383118152618e-02,2.219999885559082031e+01,5.672274780273437500e+02
7.100000000000000000e+01,2.454117393493652344e+01,3.456503450870513916e-01,2.641647160053253174e-01,5.014847964048385620e-02,4.274509847164154053e-01,1.960784383118152618e-02,2.179999923706054688e+01,5.030352783203125000e+02
7.500000000000000000e+01,2.541960716247558594e+01,3.389281034469604492e-01,2.617411911487579346e-01,5.021720379590988159e-02,4.235294163227081299e-01,1.960784383118152618e-02,2.160000038146972656e+01,5.624353027343750000e+02
7.400000000000000000e+01,2.482744979858398438e+01,3.355060815811157227e-01,2.568941116333007812e-01,4.848630353808403015e-02,4.156862795352935791e-01,1.960784383118152618e-02,2.119999885559082031e+01,5.758549194335937500e+02
7.200000000000000000e+01,2.397647094726562500e+01,3.330065310001373291e-01,2.593176364898681641e-01,4.727957025170326233e-02,4.196078479290008545e-01,1.960784383118152618e-02,2.139999961853027344e+01,5.790274658203125000e+02
7.600000000000000000e+01,2.481176376342773438e+01,3.264705836772918701e-01,2.544705867767333984e-01,4.874483868479728699e-02,4.117647111415863037e-01,1.960784383118152618e-02,2.100000000000000000e+01,5.053961181640625000e+02
7.600000000000000000e+01,2.446274566650390625e+01,3.218782246112823486e-01,2.471999973058700562e-01,4.748586192727088928e-02,4.000000059604644775e-01,1.960784383118152618e-02,2.039999961853027344e+01,5.022784729003906250e+02
7.400000000000000000e+01,2.363137435913085938e+01,3.193429112434387207e-01,2.471999973058700562e-01,4.587850719690322876e-02,4.000000059604644775e-01,1.960784383118152618e-02,2.039999961853027344e+01,5.732117919921875000e+02
7.500000000000000000e+01,2.341960906982421875e+01,3.122614622116088867e-01,2.399294227361679077e-01,4.557473212480545044e-02,3.882353007793426514e-01,1.960784383118152618e-02,1.979999923706054688e+01,5.718588256835937500e+02
7.800000000000000000e+01,2.372549057006835938e+01,3.041729629039764404e-01,2.350823581218719482e-01,4.462709277868270874e-02,3.803921639919281006e-01,1.960784383118152618e-02,1.939999961853027344e+01,5.709529418945312500e+02
7.900000000000000000e+01,2.368627548217773438e+01,2.998262643814086914e-01,2.302352935075759888e-01,4.444112628698348999e-02,3.725490272045135498e-01,1.960784383118152618e-02,1.900000000000000000e+01,5.754274291992187500e+02
8.300000000000000000e+01,2.422745323181152344e+01,2.918970286846160889e-01,2.253882437944412231e-01,4.451004788279533386e-02,3.647058904170989990e-01,1.960784383118152618e-02,1.860000038146972656e+01,5.857921752929687500e+02
7.900000000000000000e+01,2.298431396484375000e+01,2.909406721591949463e-01,2.253882437944412231e-01,4.237497970461845398e-02,3.647058904170989990e-01,1.960784383118152618e-02,1.860000038146972656e+01,5.011215820312500000e+02
8.100000000000000000e+01,2.312157058715820312e+01,2.854515016078948975e-01,2.205411791801452637e-01,4.190587252378463745e-02,3.568627536296844482e-01,1.960784383118152618e-02,1.819999885559082031e+01,5.738471069335937500e+02
7.800000000000000000e+01,2.234117889404296875e+01,2.864253818988800049e-01,2.205411791801452637e-01,4.067880287766456604e-02,3.568627536296844482e-01,1.960784383118152618e-02,1.819999885559082031e+01,5.774039306640625000e+02
7.900000000000000000e+01,2.220784378051757812e+01,2.811119556427001953e-01,2.132705897092819214e-01,3.938679397106170654e-02,3.450980484485626221e-01,1.960784383118152618e-02,1.760000038146972656e+01,5.732784423828125000e+02
8.100000000000000000e+01,2.225490188598632812e+01,2.747518718242645264e-01,2.084235399961471558e-01,3.831622377038002014e-02,3.372549116611480713e-01,1.960784383118152618e-02,1.720000076293945312e+01,5.751098022460937500e+02
8.100000000000000000e+01,2.174117660522460938e+01,2.684095799922943115e-01,2.060000002384185791e-01,3.850728273391723633e-02,3.333333432674407959e-01,1.960784383118152618e-02,1.700000000000000000e+01,5.024980468750000000e+02
8.100000000000000000e+01,2.137255096435546875e+01,2.638586461544036865e-01,2.035764753818511963e-01,3.744861856102943420e-02,3.294117748737335205e-01,1.960784383118152618e-02,1.679999923706054688e+01,5.874784545898437500e+02
7.900000000000000000e+01,2.074902343750000000e+01,2.626458704471588135e-01,2.011529505252838135e-01,3.552214056253433228e-02,3.254902064800262451e-01,1.960784383118152618e-02,1.660000038146972656e+01,5.838823242187500000e+02
8.800000000000000000e+01,2.219215774536132812e+01,2.521836161613464355e-01,1.938823610544204712e-01,3.615681082010269165e-02,3.137255012989044189e-01,1.960784383118152618e-02,1.600000000000000000e+01,5.849019775390625000e+02
9.100000000000000000e+01,2.239215850830078125e+01,2.460676729679107666e-01,1.914588361978530884e-01,3.633270040154457092e-02,3.098039329051971436e-01,1.960784383118152618e-02,1.580000019073486328e+01,5.836823120117187500e+02
9.100000000000000000e+01,2.214902305603027344e+01,2.433958649635314941e-01,1.890352964401245117e-01,3.532906994223594666e-02,3.058823645114898682e-01,1.960784383118152618e-02,1.560000038146972656e+01,5.850509643554687500e+02
9.500000000000000000e+01,2.256471061706542969e+01,2.375232726335525513e-01,1.866117715835571289e-01,3.511549159884452820e-02,3.019607961177825928e-01,1.960784383118152618e-02,1.539999961853027344e+01,5.851294555664062500e+02
9.700000000000000000e+01,2.265098190307617188e+01,2.335152775049209595e-01,1.841882467269897461e-01,3.491257131099700928e-02,2.980392277240753174e-01,1.960784383118152618e-02,1.519999980926513672e+01,5.914235839843750000e+02
9.500000000000000000e+01,2.192549324035644531e+01,2.307946681976318359e-01,1.769176572561264038e-01,3.311942145228385925e-02,2.862745225429534912e-01,1.960784383118152618e-02,1.460000038146972656e+01,5.852353515625000000e+02
9.300000000000000000e+01,2.135294342041015625e+01,2.296015471220016479e-01,1.769176572561264038e-01,3.250902146100997925e-02,2.862745225429534912e-01,1.960784383118152618e-02,1.460000038146972656e+01,5.821647338867187500e+02
1.010000000000000000e+02,2.256470489501953125e+01,2.234129160642623901e-01,1.744941323995590210e-01,3.352841362357139587e-02,2.823529541492462158e-01,1.960784383118152618e-02,1.440000057220458984e+01,5.876235351562500000e+02
9.700000000000000000e+01,2.133725547790527344e+01,2.199717015027999878e-01,1.720705926418304443e-01,3.105807118117809296e-02,2.784313857555389404e-01,1.960784383118152618e-02,1.419999980926513672e+01,5.866314086914062500e+02
9.500000000000000000e+01,2.062353134155273438e+01,2.170898020267486572e-01,1.696470677852630615e-01,3.072561323642730713e-02,2.745098173618316650e-01,1.960784383118152618e-02,1.400000000000000000e+01,5.888392333984375000e+02
1.000000000000000000e+02,2.111372375488281250e+01,2.111372351646423340e-01,1.623764783143997192e-01,3.041034378111362457e-02,2.627451121807098389e-01,1.960784383118152618e-02,1.340000057220458984e+01,5.851726074218750000e+02
9.700000000000000000e+01,2.044313621520996094e+01,2.107539772987365723e-01,1.623764783143997192e-01,2.866460941731929779e-02,2.627451121807098389e-01,1.960784383118152618e-02,1.340000057220458984e+01,5.816744995117187500e+02
1.010000000000000000e+02,2.083136940002441406e+01,2.062511891126632690e-01,1.575294137001037598e-01,2.905001677572727203e-02,2.549019753932952881e-01,1.960784383118152618e-02,1.300000000000000000e+01,5.839882812500000000e+02
1.020000000000000000e+02,2.071372222900390625e+01,2.030757069587707520e-01,1.575294137001037598e-01,2.826618216931819916e-02,2.549019753932952881e-01,1.960784383118152618e-02,1.300000000000000000e+01,5.907059326171875000e+02
1.090000000000000000e+02,2.156078147888183594e+01,1.978053301572799683e-01,1.551058888435363770e-01,2.845505811274051666e-02,2.509804069995880127e-01,1.960784383118152618e-02,1.280000019073486328e+01,5.073804321289062500e+02
1.120000000000000000e+02,2.182353019714355469e+01,1.948529481887817383e-01,1.526823490858078003e-01,2.819631993770599365e-02,2.470588237047195435e-01,1.960784383118152618e-02,1.259999942779541016e+01,5.814549560546875000e+02
1.150000000000000000e+02,2.182352828979492188e+01,1.897698044776916504e-01,1.478352993726730347e-01,2.747627906501293182e-02,2.392156869173049927e-01,1.960784383118152618e-02,1.219999980926513672e+01,5.888156738281250000e+02
1.110000000000000000e+02,2.090195655822753906e+01,1.883059144020080566e-01,1.478352993726730347e-01,2.616664953529834747e-02,2.392156869173049927e-01,1.960784383118152618e-02,1.219999980926513672e+01,5.935137329101562500e+02
1.100000000000000000e+02,2.046666717529296875e+01,1.860606074333190918e-01,1.429882347583770752e-01,2.539037540555000305e-02,2.313725501298904419e-01,1.960784383118152618e-02,1.179999923706054688e+01,5.884000244140625000e+02
1.180000000000000000e+02,2.120000076293945312e+01,1.796610206365585327e-01,1.405647099018096924e-01,2.595229260623455048e-02,2.274509817361831665e-01,1.960784383118152618e-02,1.159999942779541016e+01,5.100392456054687500e+02
1.140000000000000000e+02,2.035686492919921875e+01,1.785689890384674072e-01,1.381411701440811157e-01,2.440288849174976349e-02,2.235294133424758911e-01,1.960784383118152618e-02,1.139999961853027344e+01,4.991725463867187500e+02
1.230000000000000000e+02,2.134902000427246094e+01,1.735692620277404785e-01,1.357176452875137329e-01,2.514182589948177338e-02,2.196078449487686157e-01,1.960784383118152618e-02,1.119999980926513672e+01,5.885490112304687500e+02
1.230000000000000000e+02,2.116862869262695312e+01,1.721026748418807983e-01,1.357176452875137329e-01,2.496398799121379852e-02,2.196078449487686157e-01,1.960784383118152618e-02,1.119999980926513672e+01,5.956940917968750000e+02
1.230000000000000000e+02,2.089411926269531250e+01,1.698708832263946533e-01,1.332941204309463501e-01,2.476846240460872650e-02,2.156862765550613403e-01,1.960784383118152618e-02,1.100000000000000000e+01,5.953333740234375000e+02
1.200000000000000000e+02,2.021176528930664062e+01,1.684313714504241943e-01,1.308705955743789673e-01,2.334815636277198792e-02,2.117647081613540649e-01,1.960784383118152618e-02,1.080000019073486328e+01,5.929686279296875000e+02
1.320000000000000000e+02,2.142745018005371094e+01,1.623291671276092529e-01,1.284470558166503906e-01,2.375980094075202942e-02,2.078431397676467896e-01,1.960784383118152618e-02,1.059999942779541016e+01,5.916313476562500000e+02
1.430000000000000000e+02,2.252548980712890625e+01,1.575209051370620728e-01,1.235999986529350281e-01,2.330892533063888550e-02,2.000000029802322388e-01,1.960784383118152618e-02,1.019999980926513672e+01,5.914941406250000000e+02
1.360000000000000000e+02,2.125882339477539062e+01,1.563148796558380127e-01,1.235999986529350281e-01,2.280295453965663910e-02,2.000000029802322388e-01,1.960784383118152618e-02,1.019999980926513672e+01,5.078823852539062500e+02
1.400000000000000000e+02,2.162745094299316406e+01,1.544817984104156494e-01,1.211764737963676453e-01,2.272043563425540924e-02,1.960784345865249634e-01,1.960784383118152618e-02,1.000000000000000000e+01,5.977843017578125000e+02
1.360000000000000000e+02,2.083137321472167969e+01,1.531718671321868896e-01,1.211764737963676453e-01,2.243093587458133698e-02,1.960784345865249634e-01,1.960784383118152618e-02,1.000000000000000000e+01,5.914981079101562500e+02
1.490000000000000000e+02,2.204313850402832031e+01,1.479405313730239868e-01,1.139058843255043030e-01,2.112982049584388733e-02,1.843137294054031372e-01,1.960784383118152618e-02,9.399999618530273438e+00,5.909137573242187500e+02
1.410000000000000000e+02,2.096470642089843750e+01,1.486858576536178589e-01,1.163294166326522827e-01,2.005328796803951263e-02,1.882352977991104126e-01,1.960784383118152618e-02,9.599999427795410156e+00,6.011765136718750000e+02
